{"cameraMode":{"drawMode":0,"name":"Shaded","section":"Shading Mode"},"sceneLighting":true,"audioPlay":false,"sceneViewState":{"m_AlwaysRefresh":false,"showFog":true,"showSkybox":true,"showFlares":true,"showImageEffects":true,"showParticleSystems":true,"showVisualEffectGraphs":true,"m_FxEnabled":true},"in2DMode":false,"pivot":{"x":481.2947692871094,"y":262.4190673828125,"z":-19.456119537353517},"rotation":{"x":0.005688784644007683,"y":-0.02340005710721016,"z":-0.00013313039380591363,"w":-0.9997099041938782},"size":312.7917785644531,"orthographic":false}